{
  "employees": [
    {
      "id": 1,
      "name": "Enola Rowe",
      "age": "24",
      "department": "HR"
    },
    {
      "id": 2,
      "name": "Timmothy Lueilwitz",
      "age": "23",
      "department": "Research"
    },
    {
      "id": 3,
      "name": "Madilyn Pacocha",
      "age": "22",
      "department": "Devops"
    },
    {
      "id": 4,
      "name": "Harley Cremin",
      "age": "26",
      "department": "Sales"
    },
    {
      "id": 5,
      "name": "Juana Ziemann",
      "age": "28",
      "department": "HR"
    },
    {
      "name": "Naveen",
      "age": "26",
      "department": "Front end",
      "id": 6
    }
  ]
}